[
    {
        "id": 1,
        "name": "dori 1",
        "pharmacyID": 1
    },
    {
        "id": 2,
        "name": "dori 2",
        "pharmacyID": 1
    },
    {
        "id": 3,
        "name": "dori 3",
        "pharmacyID": 1
    },
    {
        "id": 4,
        "name": "dori 4",
        "pharmacyID": 1
    },
    {
        "id": 5,
        "name": "dori 5",
        "pharmacyID": 1
    },
    {
        "id": 13,
        "name": "dori 3",
        "pharmacyID": 2
    },
    {
        "id": 14,
        "name": "dori 4",
        "pharmacyID": 2
    },
    {
        "id": 21,
        "name": "dori 1",
        "pharmacyID": 3
    },
    {
        "id": 22,
        "name": "dori 2",
        "pharmacyID": 3
    },
    {
        "id": 13,
        "name": "jnkj",
        "pharmacyID": 1
    },
    {
        "id": 14,
        "name": "jnkj",
        "pharmacyID": 1
    },
    {
        "id": 18,
        "name": "dori 5",
        "pharmacyID": 4
    },
    {
        "id": 19,
        "name": "M",
        "pharmacyID": 4
    },
    {
        "id": 20,
        "name": "T",
        "pharmacyID": 4
    },
    {
        "id": 21,
        "name": "Tooooo",
        "pharmacyID": 4
    },
    {
        "id": 22,
        "name": "dsfdfsd",
        "pharmacyID": 4
    },
    {
        "id": 23,
        "name": "dsfdfsd",
        "pharmacyID": 4
    },
    {
        "id": 24,
        "name": "Dorixona 4",
        "pharmacyID": 4
    },
    {
        "id": 25,
        "name": "Mashrab",
        "pharmacyID": 4
    },
    {
        "id": 20,
        "name": "saaaaaaaa",
        "pharmacyID": 1
    },
    {
        "id": 21,
        "name": "saaaaaaaa",
        "pharmacyID": 1
    },
    {
        "id": 22,
        "name": "saaaaaaaa",
        "pharmacyID": 1
    },
    {
        "id": 23,
        "name": "saaaaaaaa",
        "pharmacyID": 1
    },
    {
        "id": 24,
        "name": "saaaaaaaa",
        "pharmacyID": 1
    },
    {
        "id": 25,
        "name": "saaaaaaaa",
        "pharmacyID": 1
    },
    {
        "id": 26,
        "name": "lfkdngdl",
        "pharmacyID": 1
    }
]